<?xml version="1.0" encoding="UTF-8"?>
<project-private xmlns="http://www.netbeans.org/ns/project-private/1">
    <editor-bookmarks xmlns="http://www.netbeans.org/ns/editor-bookmarks/2" lastBookmarkId="0"/>
    <open-files xmlns="http://www.netbeans.org/ns/projectui-open-files/2">
        <group>
            <file>file:/home/faranzabe/Dropbox/PSP/ExNoviembre2019/src/Clases/Civilizacion.java</file>
            <file>file:/home/faranzabe/Dropbox/PSP/ExNoviembre2019/src/Personajes/Caballero.java</file>
            <file>file:/home/faranzabe/Dropbox/PSP/ExNoviembre2019/src/Personajes/MonitorAldeanos.java</file>
            <file>file:/home/faranzabe/Dropbox/PSP/ExNoviembre2019/src/Clases/Edificio.java</file>
            <file>file:/home/faranzabe/Dropbox/PSP/ExNoviembre2019/src/Personajes/Aldeano.java</file>
            <file>file:/home/faranzabe/Dropbox/PSP/ExNoviembre2019/src/exnoviembre2019/HiloBatalla.java</file>
            <file>file:/home/faranzabe/Dropbox/PSP/ExNoviembre2019/src/Personajes/Personaje.java</file>
            <file>file:/home/faranzabe/Dropbox/PSP/ExNoviembre2019/src/exnoviembre2019/ExNoviembre2019.java</file>
        </group>
    </open-files>
</project-private>
