<?xml version="1.0" encoding="UTF-8"?>
<project-private xmlns="http://www.netbeans.org/ns/project-private/1">
    <editor-bookmarks xmlns="http://www.netbeans.org/ns/editor-bookmarks/2" lastBookmarkId="0"/>
    <open-files xmlns="http://www.netbeans.org/ns/projectui-open-files/2">
        <group>
            <file>file:/home/fernando/Documentos/Cursos%20anteriores/DAM2_19_20/Ejercicios/Tema%205/CifrarObjetos/ClienteCifrarObjeto/src/clases/Persona.java</file>
            <file>file:/home/fernando/Documentos/Cursos%20anteriores/DAM2_19_20/Ejercicios/Tema%205/CifrarObjetos/ClienteCifrarObjeto/src/clientecifrarobjeto/ClienteCifrarObjeto.java</file>
        </group>
    </open-files>
</project-private>
