<?xml version="1.0" encoding="UTF-8"?>
<project-private xmlns="http://www.netbeans.org/ns/project-private/1">
    <editor-bookmarks xmlns="http://www.netbeans.org/ns/editor-bookmarks/2" lastBookmarkId="0"/>
    <open-files xmlns="http://www.netbeans.org/ns/projectui-open-files/2">
        <group>
            <file>file:/C:/Users/sheil/Desktop/DAM2-2020/PSP/EjerciciosSNL/GuorSNL/src/guorsnl/GuorSNL.java</file>
            <file>file:/C:/Users/sheil/Desktop/DAM2-2020/PSP/EjerciciosSNL/GuorSNL/src/guorsnl/HiloVocales.java</file>
            <file>file:/C:/Users/sheil/Desktop/DAM2-2020/PSP/EjerciciosSNL/GuorSNL/src/guorsnl/HiloPalabra.java</file>
            <file>file:/C:/Users/sheil/Desktop/DAM2-2020/PSP/EjerciciosSNL/GuorSNL/src/guorsnl/HiloEspacios.java</file>
            <file>file:/C:/Users/sheil/Desktop/DAM2-2020/PSP/EjerciciosSNL/GuorSNL/src/guorsnl/HiloNumeros.java</file>
            <file>file:/C:/Users/sheil/Desktop/DAM2-2020/PSP/EjerciciosSNL/GuorSNL/src/guorsnl/GuorJFrame.java</file>
        </group>
    </open-files>
</project-private>
