<?xml version="1.0" encoding="UTF-8"?>
<project-private xmlns="http://www.netbeans.org/ns/project-private/1">
    <editor-bookmarks xmlns="http://www.netbeans.org/ns/editor-bookmarks/2" lastBookmarkId="0"/>
    <open-files xmlns="http://www.netbeans.org/ns/projectui-open-files/2">
        <group>
            <file>file:/C:/Users/angel/Escritorio/REPE2021/psp/Tema%202/AngelTagabolas/src/Tragabolas/Juego.java</file>
            <file>file:/C:/Users/angel/Escritorio/REPE2021/psp/Tema%202/AngelTagabolas/src/Tragabolas/Jugadores.java</file>
            <file>file:/C:/Users/angel/Escritorio/REPE2021/psp/Tema%202/AngelTagabolas/src/Tragabolas/Tragabolas.java</file>
        </group>
    </open-files>
</project-private>
