<?xml version="1.0" encoding="UTF-8"?>
<project-private xmlns="http://www.netbeans.org/ns/project-private/1">
    <editor-bookmarks xmlns="http://www.netbeans.org/ns/editor-bookmarks/2" lastBookmarkId="0"/>
    <open-files xmlns="http://www.netbeans.org/ns/projectui-open-files/2">
        <group>
            <file>file:/home/faranzabe/Dropbox/DAM2_18_19/Ejercicios/Tema%203/Ejemplo%20Socket%20UDP/EjemploSocketUDPServidor/src/ejemplosocketudpservidor/Principal.java</file>
            <file>file:/home/faranzabe/Dropbox/DAM2_18_19/Ejercicios/Tema%203/Ejemplo%20Socket%20UDP/EjemploSocketUDPServidor/src/ejemplosocketudpservidor/EjemploSocketUDPServidor.java</file>
        </group>
    </open-files>
</project-private>
