<?xml version="1.0" encoding="UTF-8"?>
<project-private xmlns="http://www.netbeans.org/ns/project-private/1">
    <editor-bookmarks xmlns="http://www.netbeans.org/ns/editor-bookmarks/2" lastBookmarkId="0"/>
    <open-files xmlns="http://www.netbeans.org/ns/projectui-open-files/2">
        <group>
            <file>file:/home/faranzabe/NetBeansProjects/DAM2_20_21/Tema%202/PSP_Tema2_Ejercicio14_Barberia/src/ejerciciobarberia/simulacion.java</file>
            <file>file:/home/faranzabe/NetBeansProjects/DAM2_20_21/Tema%202/PSP_Tema2_Ejercicio14_Barberia/src/ejerciciobarberia/Cliente.java</file>
        </group>
    </open-files>
</project-private>
