<?xml version="1.0" encoding="UTF-8"?>
<project-private xmlns="http://www.netbeans.org/ns/project-private/1">
    <editor-bookmarks xmlns="http://www.netbeans.org/ns/editor-bookmarks/2" lastBookmarkId="0"/>
    <open-files xmlns="http://www.netbeans.org/ns/projectui-open-files/2">
        <group>
            <file>file:/home/faranzabe/NetBeansProjects/Ejemplo%20TCP%20Obj%20CLlt/src/ejemplo/tcp/obj/cllt/EjemploTCPObjCLlt.java</file>
            <file>file:/home/faranzabe/NetBeansProjects/Ejemplo%20TCP%20Obj%20CLlt/src/Personas/Clase_Ejemplo.java</file>
        </group>
    </open-files>
</project-private>
