<?xml version="1.0" encoding="UTF-8"?>
<project-private xmlns="http://www.netbeans.org/ns/project-private/1">
    <editor-bookmarks xmlns="http://www.netbeans.org/ns/editor-bookmarks/2" lastBookmarkId="0"/>
    <open-files xmlns="http://www.netbeans.org/ns/projectui-open-files/2">
        <group>
            <file>file:/home/fernando/Dropbox/PSP/Sol%20Merodeador/ServidorHogwarts/src/clases/Personaje.java</file>
            <file>file:/home/fernando/Dropbox/PSP/Sol%20Merodeador/ServidorHogwarts/src/servidorhogwarts/Colegio.java</file>
            <file>file:/home/fernando/Dropbox/PSP/Sol%20Merodeador/ServidorHogwarts/src/clases/Habitacion.java</file>
            <file>file:/home/fernando/Dropbox/PSP/Sol%20Merodeador/ServidorHogwarts/src/servidorhogwarts/ServidorHogwarts.java</file>
            <file>file:/home/fernando/Dropbox/PSP/Sol%20Merodeador/ServidorHogwarts/src/clases/Mapa.java</file>
            <file>file:/home/fernando/Dropbox/PSP/Sol%20Merodeador/ServidorHogwarts/src/clases/Escalera.java</file>
            <file>file:/home/fernando/Dropbox/PSP/Sol%20Merodeador/ServidorHogwarts/src/servidorhogwarts/HiloComunicacion.java</file>
            <file>file:/home/fernando/Dropbox/PSP/Sol%20Merodeador/ServidorHogwarts/src/servidorhogwarts/CambiarEscaleras.java</file>
        </group>
    </open-files>
</project-private>
