<?xml version="1.0" encoding="UTF-8"?>
<project-private xmlns="http://www.netbeans.org/ns/project-private/1">
    <editor-bookmarks xmlns="http://www.netbeans.org/ns/editor-bookmarks/2" lastBookmarkId="0"/>
    <open-files xmlns="http://www.netbeans.org/ns/projectui-open-files/2">
        <group>
            <file>file:/C:/Users/angel/Escritorio/REPE2021/psp/Tema%202/Wordp1/src/wordp1/HiloConsonantes.java</file>
            <file>file:/C:/Users/angel/Escritorio/REPE2021/psp/Tema%202/Wordp1/src/wordp1/HiloEspacios.java</file>
            <file>file:/C:/Users/angel/Escritorio/REPE2021/psp/Tema%202/Wordp1/src/wordp1/HiloVocales.java</file>
            <file>file:/C:/Users/angel/Escritorio/REPE2021/psp/Tema%202/Wordp1/src/wordp1/HiloPalabras.java</file>
            <file>file:/C:/Users/angel/Escritorio/REPE2021/psp/Tema%202/Wordp1/src/wordp1/HiloDigitos.java</file>
            <file>file:/C:/Users/angel/Escritorio/REPE2021/psp/Tema%202/Wordp1/src/wordp1/Wordp1.java</file>
        </group>
    </open-files>
</project-private>
