<?xml version="1.0" encoding="UTF-8"?>
<project-private xmlns="http://www.netbeans.org/ns/project-private/1">
    <editor-bookmarks xmlns="http://www.netbeans.org/ns/editor-bookmarks/2" lastBookmarkId="0"/>
    <open-files xmlns="http://www.netbeans.org/ns/projectui-open-files/2">
        <group>
            <file>file:/C:/Users/jorge/Desktop/DAM2/PSP/Tema2/Ejercicios/GestionParking/src/es/Planta.java</file>
            <file>file:/C:/Users/jorge/Desktop/DAM2/PSP/Tema2/Ejercicios/GestionParking/src/es/Parking.java</file>
            <file>file:/C:/Users/jorge/Desktop/DAM2/PSP/Tema2/Ejercicios/GestionParking/src/es/frmEntornoGrafico.java</file>
            <file>file:/C:/Users/jorge/Desktop/DAM2/PSP/Tema2/Ejercicios/GestionParking/src/es/GestionParking.java</file>
            <file>file:/C:/Users/jorge/Desktop/DAM2/PSP/Tema2/Ejercicios/GestionParking/src/es/Coche.java</file>
        </group>
    </open-files>
</project-private>
