<?xml version="1.0" encoding="UTF-8"?>
<project-private xmlns="http://www.netbeans.org/ns/project-private/1">
    <editor-bookmarks xmlns="http://www.netbeans.org/ns/editor-bookmarks/2" lastBookmarkId="0"/>
    <open-files xmlns="http://www.netbeans.org/ns/projectui-open-files/2">
        <group>
            <file>file:/home/faranzabe/Escritorio/PSP/Ex2014_GestionParking/src/localizacion/Plaza.java</file>
            <file>file:/home/faranzabe/Escritorio/PSP/Ex2014_GestionParking/src/localizacion/Planta.java</file>
            <file>file:/home/faranzabe/Escritorio/PSP/Ex2014_GestionParking/src/participante/Coche.java</file>
            <file>file:/home/faranzabe/Escritorio/PSP/Ex2014_GestionParking/src/simulacion/Simulacion.java</file>
            <file>file:/home/faranzabe/Escritorio/PSP/Ex2014_GestionParking/src/simulacion/ThreadSimulacion.java</file>
            <file>file:/home/faranzabe/Escritorio/PSP/Ex2014_GestionParking/src/localizacion/Parking.java</file>
        </group>
    </open-files>
</project-private>
