<?xml version="1.0" encoding="UTF-8"?>
<project-private xmlns="http://www.netbeans.org/ns/project-private/1">
    <editor-bookmarks xmlns="http://www.netbeans.org/ns/editor-bookmarks/2" lastBookmarkId="0"/>
    <open-files xmlns="http://www.netbeans.org/ns/projectui-open-files/2">
        <group>
            <file>file:/home/faranzabe/Dropbox/PSP/Tema%202/CarreraRelevos2/src/carrerarelevos2/Atleta.java</file>
            <file>file:/home/faranzabe/Dropbox/PSP/Tema%202/CarreraRelevos2/src/carrerarelevos2/CarreraRelevos2.java</file>
            <file>file:/home/faranzabe/Dropbox/PSP/Tema%202/CarreraRelevos2/src/carrerarelevos2/Testigo.java</file>
            <file>file:/home/faranzabe/Dropbox/PSP/Tema%202/CarreraRelevos2/src/carrerarelevos2/Equipo.java</file>
        </group>
    </open-files>
</project-private>
