<?xml version="1.0" encoding="UTF-8"?>
<project-private xmlns="http://www.netbeans.org/ns/project-private/1">
    <editor-bookmarks xmlns="http://www.netbeans.org/ns/editor-bookmarks/1"/>
    <editor-bookmarks xmlns="http://www.netbeans.org/ns/editor-bookmarks/2" lastBookmarkId="0"/>
    <open-files xmlns="http://www.netbeans.org/ns/projectui-open-files/2">
        <group>
            <file>file:/C:/Users/Fernando%20Aranzabe/Dropbox/DAM2_14_15/Ejercicios/Tema%203/Ejemplo%20Socket%20TCP/EjemploSocketServidor/src/ejemplosocketservidor/EjemploSocketServidor.java</file>
        </group>
    </open-files>
</project-private>
