<?xml version="1.0" encoding="UTF-8"?>
<project-private xmlns="http://www.netbeans.org/ns/project-private/1">
    <editor-bookmarks xmlns="http://www.netbeans.org/ns/editor-bookmarks/2" lastBookmarkId="0"/>
    <open-files xmlns="http://www.netbeans.org/ns/projectui-open-files/2">
        <group>
            <file>file:/home/faranzabe/Dropbox/PSP/Sol%20trenes/Jaime/CLIENTE_ExamenFebrero_Jaime_Juarez_Notario/src/Logica/Estacion.java</file>
            <file>file:/home/faranzabe/Dropbox/PSP/Sol%20trenes/Jaime/CLIENTE_ExamenFebrero_Jaime_Juarez_Notario/src/Logica/Tren.java</file>
            <file>file:/home/faranzabe/Dropbox/PSP/Sol%20trenes/Jaime/CLIENTE_ExamenFebrero_Jaime_Juarez_Notario/src/Logica/Principal.java</file>
        </group>
    </open-files>
</project-private>
