<?xml version="1.0" encoding="UTF-8"?>
<project-private xmlns="http://www.netbeans.org/ns/project-private/1">
    <editor-bookmarks xmlns="http://www.netbeans.org/ns/editor-bookmarks/2" lastBookmarkId="0"/>
    <open-files xmlns="http://www.netbeans.org/ns/projectui-open-files/2">
        <group>
            <file>file:/C:/Users/ivanc/Documents/2º%20DAM%2020-21/PROGRAMACIÓN%20DE%20SERVICIOS%20Y%20PROCESOS/TEMA%202%20(Hilos)/EJERCICIOS/PSP_Tema2_Ejercicio2_lanzando5bolas/src/carreradecamellos/CarreraCamellosApp.java</file>
            <file>file:/C:/Users/ivanc/Documents/2º%20DAM%2020-21/PROGRAMACIÓN%20DE%20SERVICIOS%20Y%20PROCESOS/TEMA%202%20(Hilos)/EJERCICIOS/PSP_Tema2_Ejercicio2_lanzando5bolas/src/carreradecamellos/Hilo.java</file>
            <file>file:/C:/Users/ivanc/Documents/2º%20DAM%2020-21/PROGRAMACIÓN%20DE%20SERVICIOS%20Y%20PROCESOS/TEMA%202%20(Hilos)/EJERCICIOS/PSP_Tema2_Ejercicio2_lanzando5bolas/src/carreradecamellos/Podio.java</file>
        </group>
    </open-files>
</project-private>
