<?xml version="1.0" encoding="UTF-8"?>
<project-private xmlns="http://www.netbeans.org/ns/project-private/1">
    <editor-bookmarks xmlns="http://www.netbeans.org/ns/editor-bookmarks/2" lastBookmarkId="0"/>
    <open-files xmlns="http://www.netbeans.org/ns/projectui-open-files/2">
        <group>
            <file>file:/C:/Users/ivanc/Documents/MEGAsync/Programacion%20Servicios%20Procesos/Tema%202%20(Hilos)/Ejercicios/Examenes/ExRecEnero2017/ExRecEne2017_BrazosRoboticos1/src/brazos/BrazoPintor.java</file>
            <file>file:/C:/Users/ivanc/Documents/MEGAsync/Programacion%20Servicios%20Procesos/Tema%202%20(Hilos)/Ejercicios/Examenes/ExRecEnero2017/ExRecEne2017_BrazosRoboticos1/src/simulacion/simulacion.java</file>
            <file>file:/C:/Users/ivanc/Documents/MEGAsync/Programacion%20Servicios%20Procesos/Tema%202%20(Hilos)/Ejercicios/Examenes/ExRecEnero2017/ExRecEne2017_BrazosRoboticos1/src/brazos/BrazoMotor.java</file>
            <file>file:/C:/Users/ivanc/Documents/MEGAsync/Programacion%20Servicios%20Procesos/Tema%202%20(Hilos)/Ejercicios/Examenes/ExRecEnero2017/ExRecEne2017_BrazosRoboticos1/src/objeto/Coche.java</file>
            <file>file:/C:/Users/ivanc/Documents/MEGAsync/Programacion%20Servicios%20Procesos/Tema%202%20(Hilos)/Ejercicios/Examenes/ExRecEnero2017/ExRecEne2017_BrazosRoboticos1/src/brazos/BrazoPuertas.java</file>
            <file>file:/C:/Users/ivanc/Documents/MEGAsync/Programacion%20Servicios%20Procesos/Tema%202%20(Hilos)/Ejercicios/Examenes/ExRecEnero2017/ExRecEne2017_BrazosRoboticos1/src/brazos/BrazoCapo.java</file>
        </group>
    </open-files>
</project-private>
