<?xml version="1.0" encoding="UTF-8"?>
<project-private xmlns="http://www.netbeans.org/ns/project-private/1">
    <editor-bookmarks xmlns="http://www.netbeans.org/ns/editor-bookmarks/2" lastBookmarkId="0"/>
    <open-files xmlns="http://www.netbeans.org/ns/projectui-open-files/2">
        <group>
            <file>file:/home/fernando/Dropbox/PSP/Sol%20Merodeador/ClienteHogwarts/src/clases/Habitacion.java</file>
            <file>file:/home/fernando/Dropbox/PSP/Sol%20Merodeador/ClienteHogwarts/src/clases/Personaje.java</file>
            <file>file:/home/fernando/Dropbox/PSP/Sol%20Merodeador/ClienteHogwarts/src/clientehogwarts/Login.java</file>
            <file>file:/home/fernando/Dropbox/PSP/Sol%20Merodeador/ClienteHogwarts/src/clases/Escalera.java</file>
            <file>file:/home/fernando/Dropbox/PSP/Sol%20Merodeador/ClienteHogwarts/src/clientehogwarts/ClienteHogwarts.java</file>
        </group>
    </open-files>
</project-private>
