<?xml version="1.0" encoding="UTF-8"?>
<project-private xmlns="http://www.netbeans.org/ns/project-private/1">
    <editor-bookmarks xmlns="http://www.netbeans.org/ns/editor-bookmarks/2" lastBookmarkId="0"/>
    <open-files xmlns="http://www.netbeans.org/ns/projectui-open-files/2">
        <group>
            <file>file:/C:/Users/ivanc/Documents/MEGAsync/Programacion%20Servicios%20Procesos/Tema%202%20(Hilos)/Ejercicios/Examenes/Noviembre%202016/ExNov2016_Cafeteria/src/participantes/Cliente.java</file>
            <file>file:/C:/Users/ivanc/Documents/MEGAsync/Programacion%20Servicios%20Procesos/Tema%202%20(Hilos)/Ejercicios/Examenes/Noviembre%202016/ExNov2016_Cafeteria/src/lugar/Cafeteria.java</file>
            <file>file:/C:/Users/ivanc/Documents/MEGAsync/Programacion%20Servicios%20Procesos/Tema%202%20(Hilos)/Ejercicios/Examenes/Noviembre%202016/ExNov2016_Cafeteria/src/simulacion/Simulacion.java</file>
            <file>file:/C:/Users/ivanc/Documents/MEGAsync/Programacion%20Servicios%20Procesos/Tema%202%20(Hilos)/Ejercicios/Examenes/Noviembre%202016/ExNov2016_Cafeteria/src/participantes/Camarero.java</file>
            <file>file:/C:/Users/ivanc/Documents/MEGAsync/Programacion%20Servicios%20Procesos/Tema%202%20(Hilos)/Ejercicios/Examenes/Noviembre%202016/ExNov2016_Cafeteria/src/participantes/Cocinero.java</file>
            <file>file:/C:/Users/ivanc/Documents/MEGAsync/Programacion%20Servicios%20Procesos/Tema%202%20(Hilos)/Ejercicios/Examenes/Noviembre%202016/ExNov2016_Cafeteria/src/objetos/MaquinaCafe.java</file>
        </group>
    </open-files>
</project-private>
