<?xml version="1.0" encoding="UTF-8"?>
<project-private xmlns="http://www.netbeans.org/ns/project-private/1">
    <editor-bookmarks xmlns="http://www.netbeans.org/ns/editor-bookmarks/2" lastBookmarkId="0"/>
    <open-files xmlns="http://www.netbeans.org/ns/projectui-open-files/2">
        <group>
            <file>file:/C:/Users/34639/Desktop/FPS-DAM/SEGUNDO/00-NetBeansProjects/Firma/FirmaCliente_Flor/src/firmacliente_flor/FirmaCliente_Flor.java</file>
            <file>file:/C:/Users/34639/Desktop/FPS-DAM/SEGUNDO/00-NetBeansProjects/Firma/FirmaCliente_Flor/src/utils/UtilFirma.java</file>
            <file>file:/C:/Users/34639/Desktop/FPS-DAM/SEGUNDO/00-NetBeansProjects/Firma/FirmaCliente_Flor/src/datos/Firma.java</file>
        </group>
    </open-files>
</project-private>
