<?xml version="1.0" encoding="UTF-8"?>
<project-private xmlns="http://www.netbeans.org/ns/project-private/1">
    <editor-bookmarks xmlns="http://www.netbeans.org/ns/editor-bookmarks/2" lastBookmarkId="0"/>
    <open-files xmlns="http://www.netbeans.org/ns/projectui-open-files/2">
        <group>
            <file>file:/C:/Users/jorge/Desktop/DAM2/PSP/Tema2/Ejercicios/CadenaMontaje/src/Objetos/Motor.java</file>
            <file>file:/C:/Users/jorge/Desktop/DAM2/PSP/Tema2/Ejercicios/CadenaMontaje/src/Objetos/Coche.java</file>
            <file>file:/C:/Users/jorge/Desktop/DAM2/PSP/Tema2/Ejercicios/CadenaMontaje/src/Objetos/Cadena.java</file>
            <file>file:/C:/Users/jorge/Desktop/DAM2/PSP/Tema2/Ejercicios/CadenaMontaje/src/Objetos/PuertasCapo.java</file>
            <file>file:/C:/Users/jorge/Desktop/DAM2/PSP/Tema2/Ejercicios/CadenaMontaje/src/Objetos/BrazoRobotico.java</file>
            <file>file:/C:/Users/jorge/Desktop/DAM2/PSP/Tema2/Ejercicios/CadenaMontaje/src/Objetos/Pintar.java</file>
            <file>file:/C:/Users/jorge/Desktop/DAM2/PSP/Tema2/Ejercicios/CadenaMontaje/src/Principal/CadenaMontajeApp.java</file>
        </group>
    </open-files>
</project-private>
