<?xml version="1.0" encoding="UTF-8"?>
<project-private xmlns="http://www.netbeans.org/ns/project-private/1">
    <editor-bookmarks xmlns="http://www.netbeans.org/ns/editor-bookmarks/2" lastBookmarkId="0"/>
    <open-files xmlns="http://www.netbeans.org/ns/projectui-open-files/2">
        <group>
            <file>file:/C:/Users/ivanc/Dropbox/PSP/Tema%205%20(Seguridad)/Ejercicios/02_Ejercicio2/Gráfico/OpcionGrafica_Servidor_CifradoAsimetrico/src/ejecutable/Hilo.java</file>
            <file>file:/C:/Users/ivanc/Dropbox/PSP/Tema%205%20(Seguridad)/Ejercicios/02_Ejercicio2/Gráfico/OpcionGrafica_Servidor_CifradoAsimetrico/src/firma/Firma.java</file>
            <file>file:/C:/Users/ivanc/Dropbox/PSP/Tema%205%20(Seguridad)/Ejercicios/02_Ejercicio2/Gráfico/OpcionGrafica_Servidor_CifradoAsimetrico/src/ejecutable/ServidorEjecutable.java</file>
            <file>file:/C:/Users/ivanc/Dropbox/PSP/Tema%205%20(Seguridad)/Ejercicios/02_Ejercicio2/Gráfico/OpcionGrafica_Servidor_CifradoAsimetrico/src/utilidades/UtilFirma.java</file>
        </group>
    </open-files>
</project-private>
